<?xml version="1.0" encoding="ISO-8859-1"?><!DOCTYPE metadata SYSTEM "http://www.fgdc.gov/metadata/fgdc-std-001-1998.dtd"><metadata>
<idinfo>
<citation>
<citeinfo>
<origin>U.S. Department of Commerce, U.S. Census Bureau, Geography Division</origin>
<pubdate>2008</pubdate>
<title>New York City ZIP Code Tabulation Areas (ZCTA5)</title>
<edition>2008</edition>
<geoform>vector digital data</geoform>
<onlink>http://www.columbia.edu/acis/eds/gis/images/nyc_zipcta.zip</onlink>
</citeinfo>
</citation>
<descript>
<abstract>New York City ZIP Code Tabulation Areas (ZCTA5) is a polygon theme representing zip code areas in New York City.</abstract>
<purpose>In order for others to use the information in the Census MAF/TIGER database in a geographic information system (GIS) or for other geographic applications, the Census Bureau releases to the public extracts of the database in the form of TIGER/Line Shapefiles.</purpose>
<supplinf>The TIGER/Line Shapefiles are an extract of selected geographic and cartographic information from the Census MAF/TIGER database.  The Census MAF/TIGER database represents a seamless national file with no overlaps or gaps between parts.  However, each TIGER/Line Shapefile is designed to stand alone as an independent data set or the shapefiles can be combined to cover the whole nation.</supplinf>
</descript>
<timeperd>
<timeinfo>
<rngdates>
<begdate>200801</begdate>
<enddate>200807</enddate>
</rngdates>
</timeinfo>
<current>publication date</current>
</timeperd>
<status>
<progress>Complete</progress>
<update>TIGER/Line Shapefiles are extracted from the Census MAF/TIGER database.  No changes or updates will be made to this version of the TIGER/Line Shapefiles.  Future releases of TIGER/Line Shapefiles will reflect updates made to the Census MAF/TIGER database.</update>
</status>
<spdom>
<bounding>
<westbc>
-74.257463</westbc>
<eastbc>
-73.699480</eastbc>
<northbc>
40.915317</northbc>
<southbc>
40.495805</southbc>
</bounding>
</spdom>
<keywords>
<theme>
<themekt>ISO 19115 Topic Categories</themekt>
<themekey>boundaries</themekey>
<themekey>society</themekey>
</theme>
<theme>
<themekt>None</themekt>
<themekey>Zip codes</themekey>
<themekey>Census</themekey>
</theme>
<place>
<placekt>Library of Congress Subject Headings</placekt>
<placekey>New York (N.Y.)</placekey>
<placekey>Brooklyn (New York, N.Y.)</placekey>
<placekey>Bronx (New York, N.Y.)</placekey>
<placekey>Queens (New York, N.Y.)</placekey>
<placekey>Manhattan (New York, N.Y.)</placekey>
<placekey>Staten Island (New York, N.Y.)</placekey>
</place>
<place>
<placekt>None</placekt>
<placekey>NYC</placekey>
</place>
<temporal>
<tempkt>None</tempkt>
<tempkey>2008</tempkey>
</temporal>
</keywords>
<accconst>None</accconst>
<useconst>The TIGER/Line Shapefile products are not copyrighted however TIGER/Line and Census TIGER are registered trademarks of the U.S. Census Bureau.  These products are free to use in a product or publication, however acknowledgement must be given to the U.S. Census Bureau as the source.
The boundary information in the TIGER/Line Shapefiles are for statistical data collection and tabulation purposes only; their depiction and designation for statistical purposes does not constitute a determination of jurisdictional authority or rights of ownership or entitlement and they are not legal land descriptions. Coordinates in the TIGER/Line shapefiles have six implied decimal places, but the positional accuracy of these coordinates is not as great as the six decimal places suggest.</useconst>
<ptcontac>
<cntinfo>
<cntorgp>
<cntorg>U.S. Department of Commerce, U.S. Census Bureau, Geography Division, Geographic Products Branch</cntorg>
</cntorgp>
<cntaddr>
<addrtype>Mailing address</addrtype>
<address>4600 Silver Hill Road, Stop 7400</address>
<city>Washington</city>
<state>DC</state>
<postal>20233-7400</postal>
<country>United States</country>
</cntaddr>
<cntvoice>301-763-1128</cntvoice>
<cntfax>301-763-4710</cntfax>
<cntemail>tiger@census.gov</cntemail>
</cntinfo>
</ptcontac>
<browse>
<browsen>http://www.columbia.edu/acis/eds/gis/pix/cat/nyc_zipcta.jpg</browsen>
<browsed>Thumbnail</browsed>
<browset>JPEG</browset>
</browse>
<native>Microsoft Windows XP Version 5.1 (Build 2600) Service Pack 3; ESRI ArcCatalog 9.3.1.1850</native>
</idinfo>
<dataqual>
<attracc>
<attraccr>Accurate against Federal Information Processing Standards (FIPS), FIPS Publication 6-4, and FIPS-55 at the 100% level for the codes and base names.  The remaining attribute information has been examined but has not been fully tested for accuracy.</attraccr>
</attracc>
<logic>The Census Bureau performed automated tests to ensure logical consistency and limits of shapefiles.  Segments making up the outer and inner boundaries of a polygon tie end-to-end to completely enclose the area.  All polygons are tested for closure.
The Census Bureau uses its internally developed geographic update system to enhance and modify spatial and attribute data in the Census MAF/TIGER database.  Standard geographic codes, such as FIPS codes for states, counties, municipalities, county subdivisions, places, American Indian/Alaska Native/Native Hawaiian areas, and congressional districts are used when encoding spatial entities.  The Census Bureau performed spatial data tests for logical consistency of the codes during the compilation of the original Census MAF/TIGER database files.  Most of the codes for geographic entities except states, counties, urban areas, Core Based Statistical Areas (CBSAs), American Indian Areas (AIAs), and congressional districts were provided to the Census Bureau by the USGS, the agency responsible for maintaining FIPS 55.  Feature attribute information has been examined but has not been fully tested for consistency.
For the TIGER/Line Shapefiles, the Point and Vector Object Count for the G-polygon SDTS Point and Vector Object Type reflects the number of records in the shapefile attribute table.  For multi-polygon features, only one attribute record exists for each multi-polygon rather than one attribute record per individual G-polygon component of the multi-polygon feature.  TIGER/Line Shapefile multi-polygons are an exception to the G-polygon object type classification.  Therefore, when multi-polygons exist in a shapefile, the object count will be less than the actual number of G-polygons.</logic>
<complete>Data completeness of the TIGER/Line Shapefiles reflects the contents of the Census MAF/TIGER database at the time the TIGER/Line Shapefiles were created.</complete>
<lineage>
<srcinfo>
<srccite>
<citeinfo>
<origin>U.S. Department of Commerce, U.S. Census Bureau, Geography Division</origin>
<pubdate>Unpublished material</pubdate>
<title>Census MAF/TIGER database</title>
</citeinfo>
</srccite>
<typesrc>online</typesrc>
<srctime>
<timeinfo>
<rngdates>
<begdate>200801</begdate>
<enddate>200807</enddate>
</rngdates>
</timeinfo>
<srccurr>publication date</srccurr>
</srctime>
<srccitea>MAF/TIGER</srccitea>
<srccontr>The selected geographic and cartographic information (line segments) are derived from the U.S. Census Bureau's Master Address File Topologically Integrated Geographic Encoding and Referencing (MAF/TIGER) database.</srccontr>
</srcinfo>
<srcinfo>
<srccite>
<citeinfo>
<origin>New York City Department of City Planning</origin>
<pubdate>2009</pubdate>
<title>New York City Borough Boundaries</title>
<geoform>vector digital data</geoform>
<serinfo>
<sername>BYTES of the BIG APPLE</sername>
<issue>09A</issue>
</serinfo>
<pubinfo>
<publish>: City of New York Department of City Planning</publish>
</pubinfo>
</citeinfo>
</srccite>
<typesrc>online</typesrc>
<srctime>
<timeinfo>
<sngdate>
<caldate>2009</caldate>
</sngdate>
</timeinfo>
<srccurr>publication date</srccurr>
</srctime>
<srccitea>Bytes Borough Boundaries</srccitea>
</srcinfo>
<procstep>
<procdesc>TIGER/Line Shapefiles are extracted from the Census MAF/TIGER database by nation, state, county, and entity.  Census MAF/TIGER data for the nation, state, county, and entity are then distributed among 58 shapefiles each containing attributes for line, polygon, or landmark geographic data.</procdesc>
<srcused>Census MAF/TIGER</srcused>
<procdate>2008</procdate>
</procstep>
<procstep>
<procdesc>The following steps were done by EDS staff : The PUMA boundaries were clipped to by the borough boundaries.  The dataset was projected to State Plane.</procdesc>
<srcused>Bytes Borough Boundaries</srcused>
<procdate>20090724</procdate>
</procstep>
</lineage>
</dataqual>
<spdoinfo>
<indspref>Federal Information Processing Standards (FIPS), ANSI, and feature names.</indspref>
<direct>Vector</direct>
<ptvctinf>
<sdtsterm>
<sdtstype>G-polygon</sdtstype>
<ptvctcnt>32038</ptvctcnt>
</sdtsterm>
</ptvctinf>
</spdoinfo>
<spref>
<horizsys>
<planar>
<mapproj>
<mapprojn>Lambert Conformal Conic</mapprojn>
<lambertc>
<stdparll>40.666667</stdparll>
<stdparll>41.033333</stdparll>
<longcm>-74.000000</longcm>
<latprjo>40.166667</latprjo>
<feast>984250.000000</feast>
<fnorth>0.000000</fnorth>
</lambertc>
</mapproj>
<planci>
<plance>coordinate pair</plance>
<coordrep>
<absres>0.000000</absres>
<ordres>0.000000</ordres>
</coordrep>
<plandu>survey feet</plandu>
</planci>
</planar>
<geodetic>
<horizdn>North American Datum of 1983 in the 48 contiguous states, the District of Columbia, Alaska, Hawaii, Puerto Rico, the Virgin Islands of the United States, and the Pacific Island Areas.</horizdn>
<ellips>Geodetic Reference System 80</ellips>
<semiaxis>6378137</semiaxis>
<denflat>298257</denflat>
</geodetic>
</horizsys>
</spref>
<eainfo>
<detailed>
<enttyp>
<enttypl>
ZCTA500.shp</enttypl>
<enttypd>Census 2000 5-digit ZIP Code Tabulation Area</enttypd>
<enttypds>U.S. Census Bureau</enttypds>
</enttyp>
<attr>
<attrlabl>FID</attrlabl>
<attrdef>Internal feature number.</attrdef>
<attrdefs>ESRI</attrdefs>
<attrdomv>
<udom>Sequential unique whole numbers that are automatically generated.</udom>
</attrdomv>
</attr>
<attr>
<attrlabl>Shape</attrlabl>
<attrdef>Feature geometry.</attrdef>
<attrdefs>ESRI</attrdefs>
<attrdomv>
<udom>Coordinates defining the features.</udom>
</attrdomv>
</attr>
<attr>
<attrlabl>ZCTA5CE00</attrlabl>
<attrdef>Census 2000 5-digit ZIP Code Tabulation Area code</attrdef>
<attrdefs>U.S. Census Bureau</attrdefs>
<attrdomv>
<edom>
<edomv>00401 to 99950</edomv>
<edomvd>Five-digit ZIP code</edomvd>
<edomvds>U.S. Census Bureau</edomvds>
</edom>
<edom>
<edomv>004HH to 999HH</edomv>
<edomvd>Five-digit ZIP code unassigned (water only)</edomvd>
<edomvds>U.S. Census Bureau</edomvds>
</edom>
<edom>
<edomv>004XX to 999XX</edomv>
<edomvd>Five-digit ZIP code unassigned (land only)</edomvd>
<edomvds>U.S. Census Bureau</edomvds>
</edom>
</attrdomv>
</attr>
<attr>
<attrlabl>CLASSFP00</attrlabl>
<attrdef>Census 2000 Federal Information Processing Standards (FIPS) 55 class code</attrdef>
<attrdefs>U.S. Census Bureau</attrdefs>
<attrdomv>
<edom>
<edomv>B5</edomv>
<edomvd>Five-digit ZCTA</edomvd>
<edomvds>U.S. Census Bureau</edomvds>
</edom>
</attrdomv>
</attr>
<attr>
<attrlabl>MTFCC00</attrlabl>
<attrdef>MAF/TIGER feature class code</attrdef>
<attrdefs>U.S. Census Bureau</attrdefs>
<attrdomv>
<edom>
<edomv>G6350</edomv>
<edomvd>ZIP Code Tabulation Area (5-digit)</edomvd>
<edomvds>U.S. Census Bureau</edomvds>
</edom>
</attrdomv>
</attr>
<attr>
<attrlabl>FUNCSTAT00</attrlabl>
<attrdef>Census 2000 functional status</attrdef>
<attrdefs>U.S. Census Bureau</attrdefs>
<attrdomv>
<edom>
<edomv>S</edomv>
<edomvd>Statistical entity</edomvd>
<edomvds>U.S. Census Bureau</edomvds>
</edom>
</attrdomv>
</attr>
</detailed>
</eainfo>
<distinfo>
<distrib>
<cntinfo>
<cntorgp>
<cntorg>U.S. Department of Commerce, U.S. Census Bureau, Geography Division, Geographic Products Branch</cntorg>
</cntorgp>
<cntaddr>
<addrtype>Mailing address</addrtype>
<address>4600 Silver Hill Road, Stop 7400</address>
<city>Washington</city>
<state>DC</state>
<postal>20233-7400</postal>
<country>United States</country>
</cntaddr>
<cntvoice>301-763-1128</cntvoice>
<cntfax>301-763-4710</cntfax>
<cntemail>tiger@census.gov</cntemail>
</cntinfo>
</distrib>
<resdesc>Census_2008_nyc_zipcta</resdesc>
<distliab>No warranty, expressed or implied is made with regard to the accuracy of these data, and no liability is assumed by the U.S. Government in general or the U.S. Census Bureau in specific as to the spatial or attribute accuracy of the data.  The act of distribution shall not constitute any such warranty and no responsibility is assumed by the U.S. government in the use of these files.  The boundary information in the TIGER/Line Shapefiles is for statistical data collection and tabulation purposes only; their depiction and designation for statistical purposes do not constitute a determination of jurisdictional authority or rights of ownership or entitlement and they are not legal land descriptions.</distliab>
<stdorder>
<digform>
<digtinfo>
<formname>Shapefile</formname>
<formspec>zip</formspec>
<transize>0.373</transize>
</digtinfo>
<digtopt>
</digtopt>
</digform>
</stdorder>
</distinfo>
<metainfo>
<metd>20090804</metd>
<metc>
<cntinfo>
<cntorgp>
<cntorg>Electronic Data Service (EDS), Columbia University Libraries</cntorg>
<cntper>GIS/Metadata Librarian</cntper>
</cntorgp>
<cntaddr>
<addrtype>mailing address</addrtype>
<address>420 W. 118th St.</address>
<city>New York</city>
<state>NY</state>
<postal>10027</postal>
<country>United States</country>
</cntaddr>
<cntvoice>(212)854-6012</cntvoice>
<cntemail>eds@columbia.edu</cntemail>
</cntinfo>
</metc>
<metstdn>FGDC Content Standards for Digital Geospatial Metadata</metstdn>
<metstdv>FGDC-STD-001-1998</metstdv>
<mettc>local time</mettc>
</metainfo>
</metadata>
