<?xml version="1.0"?>
<metadata xml:lang="en">
	<Esri>
		<CreaDate>20130228</CreaDate>
		<CreaTime>12091400</CreaTime>
		<SyncOnce>FALSE</SyncOnce>
		<SyncDate>20130228</SyncDate>
		<SyncTime>12142700</SyncTime>
		<ModDate>20130228</ModDate>
		<ModTime>12142700</ModTime>
		<PublishStatus>Published</PublishStatus><DataProperties><lineage><Process ToolSource="C:\Program Files\ArcGIS\ArcToolbox\Toolboxes\Analysis Tools.tbx\Select" Date="20120427" Time="142509">Select C:\TEMP\12A\GIS_OUTPUT\Districts\fgdb\Districts.gdb\nynta C:\TEMP\12A\GIS_OUTPUT\Districts\shp\nynta__Iteration.shp "ObjectID&gt;=0 AND ObjectID&lt;3000"</Process><Process ToolSource="C:\Program Files\ArcGIS\ArcToolbox\Toolboxes\Analysis Tools.tbx\Select" Date="20120427" Time="142510">Select C:\TEMP\12A\GIS_OUTPUT\Districts\shp\nynta__Iteration.shp C:\TEMP\12A\GIS_OUTPUT\Districts\shp\nynta.shp #</Process><Process ToolSource="C:\Program Files\ArcGIS\ArcToolbox\Toolboxes\Analysis Tools.tbx\Select" Date="20130228" Time="121426">Select C:\TEMP\13A\GIS_OUTPUT\Districts\fgdb\Districts.gdb\nynta C:\TEMP\13A\GIS_OUTPUT\Districts\shp\nynta__Iteration.shp "ObjectID&gt;=0 AND ObjectID&lt;3000"</Process><Process ToolSource="C:\Program Files\ArcGIS\ArcToolbox\Toolboxes\Analysis Tools.tbx\Select" Date="20130228" Time="121427">Select C:\TEMP\13A\GIS_OUTPUT\Districts\shp\nynta__Iteration.shp C:\TEMP\13A\GIS_OUTPUT\Districts\shp\nynta.shp #</Process></lineage></DataProperties><MetaID>{2E68B621-8977-4186-A49C-9D969888E5C7}</MetaID></Esri>
	<idinfo>
		<native Sync="TRUE">Microsoft Windows XP Version 5.1 (Build 2600) Service Pack 3; ESRI ArcCatalog 9.3.1.4000</native>
		<descript>
			<langdata Sync="TRUE">en</langdata>
			<abstract>Neighborhood Tabulation Areas (NTAs) were created to project populations at a small area level, from 2000 to 2030 for PlaNYC, the long-term sustainability plan for New York City. Since population size affects the error associated with population projections, these geographic units needed to have a minimum population, which we determined to be 15,000.  This criterion resulted in combinations of neighborhoods that probably would not occur if one were solely designating boundaries of historical neighborhoods. Moreover, the neighborhood names associated with the neighborhood tabulation areas are not intended to be definitive.
 
Another feature of the sustainability plan, was the creation of projections for Public Use Microdata Areas (PUMAs), which are approximations of New York City's Community Districts developed for use with the Census Bureau's Public Use Microdata Samples (PUMS).  In order to make the boundaries consistent with PUMAs, NTAs were created using whole census tracts, from the 2010 census, within PUMAs. Since NTAs were not permitted to cross PUMA boundaries, this further restricted our ability to identify what may be thought of as historical neighborhood boundaries.  

Thus, users need to be cognizant of the reason why NTAs were created and the demographic/geographic constraints inherent in how they were configured.  Despite these limitations, NTAs are a valuable summary level for use with both the 2010 Census and the American Community Survey (ACS).  Regarding the decennial census, these geographic areas offer a good compromise between the very detailed data for census tracts (2,168) and the broad strokes provided by community districts (59). For the ACS, NTAs offer a statistically reliable alternative to the high sampling error that renders data for most individual census tracts unusable.</abstract>
			<purpose>These boundaries were initially created by the Department of City Planning for small area population projections. However, NTAs are now being used to present data from the Decennial Census and American Community Survey.</purpose>
		</descript>
		<citation>
			<citeinfo>
				<origin>New York City Department of City Planning</origin>
				<title Sync="TRUE">nynta</title>
				<geoform Sync="TRUE">vector digital data</geoform>
				<serinfo>
					<sername>BYTES of the BIG APPLE</sername>
					<issue>13A</issue>
				</serinfo>
				<pubinfo>
					<publish>City of New York Department of City Planning</publish>
				</pubinfo>
				<ftname Sync="TRUE">nynta</ftname>
				<othercit>The file name has changed from Projection Areas to Neighborhood Tabulation Areas in order to be more descriptive and to align with the Mayor's PlaNYC 2030 initiative.</othercit>
				<pubdate>March, 2013</pubdate><edition>13A</edition><onlink>http://www.nyc.gov/html/dcp/html/bytes/applbyte.shtml</onlink></citeinfo>
		</citation>
		<timeperd>
			<current>ground condition</current>
			<timeinfo>
				<sngdate>
					<caldate>February, 2013</caldate></sngdate>
			</timeinfo>
		</timeperd>
		<status>
			<progress>Complete</progress>
			<update>Quarterly</update>
		</status>
		<spdom>
			<bounding>
				<westbc Sync="TRUE">-74.257159</westbc>
				<eastbc Sync="TRUE">-73.699215</eastbc>
				<northbc Sync="TRUE">40.915568</northbc>
				<southbc Sync="TRUE">40.495992</southbc>
			</bounding>
			<lboundng>
				<leftbc Sync="TRUE">913175.109009</leftbc>
				<rightbc Sync="TRUE">1067382.508590</rightbc>
				<bottombc Sync="TRUE">120121.881254</bottombc>
				<topbc Sync="TRUE">272844.293640</topbc>
			</lboundng>
		</spdom>
		<keywords>
			<place>
				<placekey>New York</placekey>
				<placekey>New York City</placekey>
				<placekey>Manhattan</placekey>
				<placekey>Staten Island</placekey>
				<placekey>Brooklyn</placekey>
				<placekey>Bronx</placekey>
				<placekey>Queens</placekey>
				<placekt>NONE</placekt>
				<placekey>Kings</placekey><placekey>Richmond</placekey></place>
			<theme>
				<themekey>boundary</themekey>
				<themekey>borough</themekey>
				<themekey>boundaries</themekey>
				<themekt>NONE</themekt>
				<themekey>projection areas</themekey><themekey>neighborhood</themekey><themekey>neighborhoods</themekey><themekey>neighborhood names</themekey><themekey>neighborhood tabulation areas</themekey></theme>
		</keywords>
		<accconst>The data is freely available to all New York City agencies and the public.</accconst>
		<useconst>While all possible measures have been taken to ensure the accuracy of this data, the NYC Department of City Planning and the City of New York assume no responsibility for the accuracy of this data.  All users should independently verify the accuracy of the data for their purposes.</useconst>
		<natvform>File Geodatabase Feature Class / Shape file</natvform>
		<ptcontac>
			<cntinfo>
				<cntvoice>212.720.3505</cntvoice>
				<cntaddr>
					<addrtype>mailing and physical address</addrtype>
					<address>22 Reade St, 5E</address>
					<city>New York</city>
					<state>NY</state>
					<postal>10007</postal>
					<country>USA</country>
				</cntaddr>
				<cntpos>BYTES of the BIG APPLE Coordinator</cntpos>
				<cntorgp><cntorg>New York City Department of City Planning</cntorg></cntorgp></cntinfo>
		</ptcontac>
		<secinfo><secclass>Unclassified</secclass></secinfo></idinfo>
	<metainfo>
		<langmeta Sync="TRUE">en</langmeta>
		<metstdn Sync="TRUE">FGDC Content Standards for Digital Geospatial Metadata</metstdn>
		<metstdv Sync="TRUE">FGDC-STD-001-1998</metstdv>
		<mettc Sync="TRUE">local time</mettc>
		<metc>
			<cntinfo>
				<cntaddr>
					<addrtype>mailing and physical address</addrtype>
					<city>New York</city>
					<state>New York</state>
					<postal>10007</postal>
					<address>22 Reade St, 5E</address>
					<country>USA</country>
				</cntaddr>
				<cntvoice>212.720.3505</cntvoice>
				<cntpos>BYTES of the BIG APPLE Coordinator</cntpos>
				<cntorgp><cntorg>New York City Department of City Planning</cntorg></cntorgp></cntinfo>
		</metc>
		<metd Sync="TRUE">20130228</metd>
		<metextns><onlink Sync="TRUE">http://www.esri.com/metadata/esriprof80.html</onlink><metprof Sync="TRUE">ESRI Metadata Profile</metprof></metextns></metainfo>
	<spdoinfo>
		<direct Sync="TRUE">Vector</direct>
		<ptvctinf>
			<esriterm Name="nynta">
				<efeatyp Sync="TRUE">Simple</efeatyp>
				<efeageom Sync="TRUE">Polygon</efeageom>
				<esritopo Sync="TRUE">FALSE</esritopo>
				<efeacnt Sync="TRUE">0</efeacnt>
				<spindex Sync="TRUE">FALSE</spindex>
				<linrefer Sync="TRUE">FALSE</linrefer>
			</esriterm>
			<sdtsterm Name="nynta">
				<sdtstype Sync="TRUE">G-polygon</sdtstype>
				<ptvctcnt Sync="TRUE">0</ptvctcnt>
			</sdtsterm>
		</ptvctinf>
	</spdoinfo>
	<eainfo>
		<detailed Name="nynta">
			<enttyp>
				<enttypl Sync="TRUE">nynta</enttypl>
				<enttypt Sync="TRUE">Feature Class</enttypt>
				<enttypc Sync="TRUE">0</enttypc>
			</enttyp>
			<attr><attrlabl Sync="TRUE">FID</attrlabl><attalias Sync="TRUE">FID</attalias><attrtype Sync="TRUE">OID</attrtype><attwidth Sync="TRUE">4</attwidth><atprecis Sync="TRUE">0</atprecis><attscale Sync="TRUE">0</attscale><attrdef Sync="TRUE">Internal feature number.</attrdef><attrdefs Sync="TRUE">ESRI</attrdefs><attrdomv><udom Sync="TRUE">Sequential unique whole numbers that are automatically generated.</udom></attrdomv></attr><attr><attrlabl>BoroCode</attrlabl>
				<attalias Sync="TRUE">BoroCode</attalias>
				<attrtype Sync="TRUE">Number</attrtype>
				<attwidth Sync="TRUE">4</attwidth>
				<attrdef>Borough of census tract.</attrdef>
				<attrdomv>
					<edom><edomv>1</edomv><edomvd>Manhattan</edomvd></edom>
					<edom><edomv>2</edomv><edomvd>Bronx</edomvd></edom>
					<edom><edomv>3</edomv><edomvd>Brooklyn</edomvd></edom>
					<edom><edomv>4</edomv><edomvd>Queens</edomvd></edom>
					<edom><edomv>5</edomv><edomvd>Staten Island</edomvd></edom>
				</attrdomv>
			</attr>
			<attr><attrlabl>BoroName</attrlabl>
				<attalias Sync="TRUE">BoroName</attalias>
				<attrtype Sync="TRUE">String</attrtype>
				<attwidth Sync="TRUE">13</attwidth>
				<attrdef>Borough Name.</attrdef>
			</attr>
			<attr><attrlabl>CountyFIPS</attrlabl>
				<attalias Sync="TRUE">CountyFIPS</attalias>
				<attrtype Sync="TRUE">String</attrtype>
				<attwidth Sync="TRUE">3</attwidth>
				<attrdef>The Census Bureau defined County FIPS code</attrdef>
				<attrdomv>
					<edom><edomv>005</edomv><edomvd>Bronx County</edomvd></edom>
					<edom><edomv>047</edomv><edomvd>Kings County (Brooklyn)</edomvd></edom>
					<edom><edomv>061</edomv><edomvd>New York County (Manhattan)</edomvd></edom>
					<edom><edomv>081</edomv><edomvd>Queens County</edomvd></edom>
					<edom><edomv>085</edomv><edomvd>Richmond County (Staten Island)</edomvd></edom>
				</attrdomv>
			</attr>
			<attr><attrlabl Sync="TRUE">NTACode</attrlabl>
				<attalias Sync="TRUE">NTACode</attalias>
				<attrtype Sync="TRUE">String</attrtype>
				<attwidth Sync="TRUE">4</attwidth>
				<attrdef>Neighborhood Tabulation Area Code</attrdef>
			</attr>
			<attr><attrlabl Sync="TRUE">NTAName</attrlabl>
				<attalias Sync="TRUE">NTAName</attalias>
				<attrtype Sync="TRUE">String</attrtype>
				<attwidth Sync="TRUE">75</attwidth>
				<attrdef>Neighborhood Tabulation Area Name</attrdef>
			</attr>
			<attr><attrlabl Sync="TRUE">Shape</attrlabl>
				<attalias Sync="TRUE">Shape</attalias>
				<attrtype Sync="TRUE">Geometry</attrtype>
				<attwidth Sync="TRUE">0</attwidth>
				<atprecis Sync="TRUE">0</atprecis>
				<attscale Sync="TRUE">0</attscale>
				<attrdef Sync="TRUE">Feature geometry.</attrdef>
				<attrdefs Sync="TRUE">ESRI</attrdefs>
				<attrdomv><udom Sync="TRUE">Coordinates defining the features.</udom></attrdomv>
			</attr>
			<attr><attrlabl Sync="TRUE">SHAPE_Area</attrlabl>
				<attalias Sync="TRUE">Shape_Area</attalias>
				<attrtype Sync="TRUE">Double</attrtype>
				<attwidth Sync="TRUE">19</attwidth>
				<attrdef Sync="TRUE">Area of feature in internal units squared.</attrdef>
				<attrdefs Sync="TRUE">ESRI</attrdefs>
				<attrdomv><udom Sync="TRUE">Positive real numbers that are automatically generated.</udom></attrdomv>
				<atprecis Sync="TRUE">0</atprecis>
				<attscale Sync="TRUE">0</attscale>
			</attr>
			<attr><attrlabl Sync="TRUE">Shape_Leng</attrlabl>
				<attalias Sync="TRUE">Shape_Leng</attalias>
				<attrtype Sync="TRUE">Float</attrtype>
				<attwidth Sync="TRUE">19</attwidth>
				<atnumdec Sync="TRUE">11</atnumdec></attr>
		</detailed>
	</eainfo>
	<distinfo>
		<stdorder>
			<digform>
				<digtinfo>
					<transize Sync="FALSE">0.440</transize>
					<dssize Sync="FALSE">0.440</dssize>
				</digtinfo>
			</digform>
			<fees>Free</fees>
		</stdorder>
		<distrib>
			<cntinfo>
				<cntorgp>
					<cntorg>New York City Department of City Planning</cntorg>
				</cntorgp>
				<cntinst>Available at the following website:
http://www.nyc.gov/html/dcp/html/bytes/applbyte.shtml</cntinst>
				<cntaddr>
					<addrtype>mailing and physical address</addrtype>
					<address>22 Reade St, 5E</address>
					<city>New York</city>
					<state>New York</state>
					<postal>10007</postal>
					<country>USA</country>
				</cntaddr>
			</cntinfo>
		</distrib>
		<resdesc Sync="FALSE">Downloadable Data</resdesc>
	</distinfo>
	<spref>
		<horizsys>
			<cordsysn>
				<geogcsn Sync="TRUE">GCS_North_American_1983</geogcsn>
				<projcsn Sync="TRUE">NAD_1983_StatePlane_New_York_Long_Island_FIPS_3104_Feet</projcsn>
			</cordsysn>
			<planar>
				<planci>
					<plance Sync="TRUE">coordinate pair</plance>
					<plandu Sync="TRUE">survey feet</plandu>
					<coordrep>
						<absres Sync="TRUE">0.000000</absres>
						<ordres Sync="TRUE">0.000000</ordres>
					</coordrep>
				</planci>
				<mapproj><mapprojn Sync="TRUE">Lambert Conformal Conic</mapprojn><lambertc><stdparll Sync="TRUE">40.666667</stdparll><stdparll Sync="TRUE">41.033333</stdparll><longcm Sync="TRUE">-74.000000</longcm><latprjo Sync="TRUE">40.166667</latprjo><feast Sync="TRUE">984250.000000</feast><fnorth Sync="TRUE">0.000000</fnorth></lambertc></mapproj></planar>
			<geodetic>
				<horizdn Sync="TRUE">North American Datum of 1983</horizdn>
				<ellips Sync="TRUE">Geodetic Reference System 80</ellips>
				<semiaxis Sync="TRUE">6378137.000000</semiaxis>
				<denflat Sync="TRUE">298.257222</denflat>
			</geodetic>
		</horizsys>
		<vertdef><altsys><altenc Sync="TRUE">Explicit elevation coordinate included with horizontal coordinates</altenc><altres Sync="TRUE">1.000000</altres></altsys></vertdef></spref>
	<dataqual>
		<complete>These data are accurate as of the redistricting after the US Census 2010.</complete>
		<posacc>
			<horizpa>
				<horizpar>The District files are created from the same release version of the Department of City Planning LION file.  The LION file is spatially aligned with NYCMap aerial photography.</horizpar>
			</horizpa>
		</posacc>
		<lineage>
			<procstep><procdesc Sync="TRUE">Metadata imported.</procdesc><srcused Sync="TRUE">M:\GIS\ArcGIS_Team_Files\Metadata\Districts\nynta.shp.xml</srcused><procdate Sync="TRUE">20120427</procdate><proctime Sync="TRUE">14185300</proctime></procstep><procstep><procdesc Sync="TRUE">Metadata imported.</procdesc><srcused Sync="TRUE">M:\GIS\ArcGIS_Team_Files\Metadata\Districts\nynta.shp.xml</srcused><procdate Sync="TRUE">20130228</procdate><proctime Sync="TRUE">12091400</proctime></procstep></lineage></dataqual>
	<mdDateSt Sync="TRUE">20130228</mdDateSt>
	<dataIdInfo>
		<envirDesc Sync="TRUE">Microsoft Windows XP Version 5.1 (Build 2600) Service Pack 3; ESRI ArcCatalog 9.3.1.4000</envirDesc>
		<dataLang>
			<languageCode Sync="TRUE" value="en"></languageCode>
		</dataLang>
		<idCitation>
			<resTitle Sync="TRUE">nynta</resTitle>
			<presForm>
				<PresFormCd Sync="FALSE" value="005"></PresFormCd>
			</presForm>
			<resEd>03D</resEd>
			<resEdDate>200403</resEdDate>
			<resRefDate>
				<refDate>200311</refDate>
				<refDateType><DateTypCd value="001"></DateTypCd></refDateType>
			</resRefDate>
			<citRespParty>
				<rpOrgName>Department of City Planning</rpOrgName>
				<rpPosName>BYTES of the BIG APPLE Coordinator</rpPosName>
				<role><RoleCd value="003"></RoleCd></role>
				<rpCntInfo>
					<cntAddress>
						<delPoint>22 Reade St</delPoint>
						<city>New York</city>
						<adminArea>NY</adminArea>
						<postCode>10012</postCode>
					</cntAddress>
					<cntPhone><voiceNum>212.720.3505</voiceNum></cntPhone>
				</rpCntInfo>
			</citRespParty>
			<resRefDate>
				<refDate>200403</refDate>
				<refDateType><DateTypCd value="002"></DateTypCd></refDateType>
			</resRefDate>
		</idCitation>
		<spatRpType>
			<SpatRepTypCd Sync="FALSE" value="001"></SpatRepTypCd>
		</spatRpType>
		<dataExt>
			<geoEle>
				<GeoBndBox esriExtentType="native">
					<westBL Sync="TRUE">913175.109009</westBL>
					<eastBL Sync="TRUE">1067382.50859</eastBL>
					<northBL Sync="TRUE">272844.29364</northBL>
					<southBL Sync="TRUE">120121.881254</southBL>
					<exTypeCode Sync="TRUE">1</exTypeCode>
				</GeoBndBox>
			</geoEle>
		</dataExt>
		<geoBox esriExtentType="decdegrees">
			<westBL Sync="TRUE">-74.257159</westBL>
			<eastBL Sync="TRUE">-73.699215</eastBL>
			<northBL Sync="TRUE">40.915568</northBL>
			<southBL Sync="TRUE">40.495992</southBL>
			<exTypeCode Sync="TRUE">1</exTypeCode>
		</geoBox>
		<tpCat>
			<TopicCatCd value="003"></TopicCatCd>
		</tpCat>
		<descKeys KeyTypCd="002">
			<keyTyp><KeyTypCd value="002"></KeyTypCd></keyTyp>
			<keyword>New York City</keyword>
			<keyword>New York</keyword>
			<keyword>Bronx</keyword>
			<keyword>Brooklyn</keyword>
			<keyword>Manhattan</keyword>
			<keyword>Queens</keyword>
			<keyword>Staten Island</keyword>
			<keyword>Richmond</keyword>
			<keyword>Kings</keyword>
		</descKeys>
	</dataIdInfo>
	<mdLang>
		<languageCode Sync="FALSE" value="en"></languageCode>
	</mdLang>
	<mdStanName Sync="TRUE">ISO 19115 Geographic Information - Metadata</mdStanName>
	<mdStanVer Sync="TRUE">DIS_ESRI1.0</mdStanVer>
	<mdChar>
		<CharSetCd Sync="FALSE" value="004"></CharSetCd>
	</mdChar>
	<mdHrLv>
		<ScopeCd Sync="FALSE" value="005"></ScopeCd>
	</mdHrLv>
	<mdHrLvName Sync="TRUE">dataset</mdHrLvName>
	<distInfo>
		<distributor>
			<distorTran>
				<transSize Sync="FALSE">0.440</transSize>
				<onLineSrc><orDesc Sync="TRUE">002</orDesc><linkage Sync="TRUE">file://\\DCP-DELL-1226\C$\TEMP\13A\GIS_OUTPUT\Districts\shp\nynta.shp</linkage><protocol Sync="TRUE">Local Area Network</protocol><orFunct><OnFunctCd value="001"></OnFunctCd></orFunct></onLineSrc></distorTran>
			<distorFormat>
				<formatName Sync="TRUE">Shapefile</formatName>
				<formatVer>8.3</formatVer></distorFormat>
			<distorCont><rpOrgName>Department of City Planning</rpOrgName><rpPosName>BYTES of the BIG APPLE Coordinator</rpPosName><rpCntInfo><cntAddress><delPoint>22 Reade St</delPoint><city>New York</city><adminArea>NY</adminArea><postCode>10012</postCode></cntAddress><cntPhone><voiceNum>212.720.3505</voiceNum></cntPhone></rpCntInfo><role><RoleCd value="003"></RoleCd></role></distorCont><distorFormat><formatName Sync="TRUE">Shapefile</formatName><formatVer>7.5</formatVer></distorFormat></distributor>
	</distInfo>
	<refSysInfo>
		<RefSystem>
			<refSysID>
				<identCode Sync="TRUE">NAD_1983_StatePlane_New_York_Long_Island_FIPS_3104_Feet</identCode>
			</refSysID>
		</RefSystem>
	</refSysInfo>
	<spatRepInfo>
		<VectSpatRep>
			<topLvl>
				<TopoLevCd Sync="FALSE" value="001"></TopoLevCd>
			</topLvl>
			<geometObjs Name="nynta"><geoObjTyp><GeoObjTypCd Sync="TRUE" value="001"></GeoObjTypCd></geoObjTyp><geoObjCnt Sync="TRUE">0</geoObjCnt></geometObjs></VectSpatRep>
	</spatRepInfo>
	<mdContact><rpOrgName>Department of City Planning</rpOrgName><rpPosName>BYTES of the BIG APPLE Coordinator</rpPosName><rpCntInfo><cntAddress><delPoint>22 Reade St</delPoint><city>New York</city><adminArea>NY</adminArea><postCode>10012</postCode></cntAddress><cntPhone><voiceNum>212.720.3505</voiceNum></cntPhone></rpCntInfo><role><RoleCd value="003"></RoleCd></role></mdContact><mdFileID Sync="TRUE">{D47784A4-737D-42B5-89FC-20E897EF4042}</mdFileID></metadata>
